الفئة,المنتج,السعر
الخضراوات,الطماطم / كيلو,5.26 جنيه
الخضراوات,+0.071.35 %,غير متاح
الخضراوات,البطاطس / كيلو,10.22 جنيه
الخضراوات,+0.070.69 %,غير متاح
الخضراوات,الليمون البلدي / كيلو,79.46 جنيه
الخضراوات,+0.640.81 %,غير متاح
الخضراوات,البامية / كيلو,50.11 جنيه
الخضراوات,-1.893.63 %,غير متاح
الخضراوات,ورق العنب البناتي / كيلو,128.21 جنيه
الخضراوات,+3.212.57 %,غير متاح
الخضراوات,ورق العنب البلدي / كيلو,120.4 جنيه
الخضراوات,+3.843.29 %,غير متاح
الخضراوات,الملوخية / كيلو,27.2 جنيه
الخضراوات,+0.51.87 %,غير متاح
الخضراوات,اللفت / كيلو,8.1 جنيه
الخضراوات,+0.729.76 %,غير متاح
الخضراوات,الكوسة / كيلو,19.52 جنيه
الخضراوات,+0.080.41 %,غير متاح
الخضراوات,كسبرة (رابطة 100 واحدة) / 100 رابطة,256.14 جنيه
الخضراوات,+20.378.64 %,غير متاح
الخضراوات,الطماطم / كيلو,3.3 جنيه
الخضراوات,-2.240 %,غير متاح
الخضراوات,البطاطس / كيلو,5.38 جنيه
الخضراوات,+3.18144.55 %,غير متاح
الخضراوات,الليمون البلدي / كيلو,65 جنيه
الخضراوات,+52400 %,غير متاح
الخضراوات,البامية / كيلو,52.5 جنيه
الخضراوات,+32.5162.5 %,غير متاح
الخضراوات,ورق العنب البلدي / كيلو,100 جنيه
الخضراوات,+80400 %,غير متاح
الخضراوات,الملوخية / كيلو,16.5 جنيه
الخضراوات,+9.5135.71 %,غير متاح
الخضراوات,اللفت / كيلو,5.25 جنيه
الخضراوات,+3.25162.5 %,غير متاح
الخضراوات,الكوسة / كيلو,13.33 جنيه
الخضراوات,+8.33166.6 %,غير متاح
الخضراوات,كرنب / واحدة,17.5 جنيه
الخضراوات,+13.5337.5 %,غير متاح
الخضراوات,القلقاس / كيلو,25 جنيه
الخضراوات,+19316.67 %,غير متاح
الخضراوات,الطماطم / كيلو,4.15 جنيه
الخضراوات,-0.296.53 %,غير متاح
الخضراوات,البطاطس / كيلو,6.65 جنيه
الخضراوات,-1.2816.14 %,غير متاح
الخضراوات,الليمون البلدي / كيلو,66.47 جنيه
الخضراوات,+3.295.21 %,غير متاح
الخضراوات,البامية / كيلو,51.25 جنيه
الخضراوات,-0.751.44 %,غير متاح
الخضراوات,ورق العنب البناتي / كيلو,102.5 جنيه
الخضراوات,+6.947.26 %,غير متاح
الخضراوات,ورق العنب البلدي / كيلو,30 جنيه
الخضراوات,00 %,غير متاح
الخضراوات,الملوخية / كيلو,29.17 جنيه
الخضراوات,+0.050.17 %,غير متاح
الخضراوات,الكوسة / كيلو,19.25 جنيه
الخضراوات,+0.693.72 %,غير متاح
الخضراوات,كسبرة (رابطة 100 واحدة) / 100 رابطة,208.33 جنيه
الخضراوات,+11.275.72 %,غير متاح
الخضراوات,كرنب / واحدة,23.85 جنيه
الخضراوات,-0.632.57 %,غير متاح
الخضراوات,الطماطم / طن,2000 جنيه
الخضراوات,-109035.28 %,غير متاح
الخضراوات,البطاطس / طن,6000 جنيه
الخضراوات,+58503900 %,غير متاح
الخضراوات,الليمون البلدي / طن,60000 جنيه
الخضراوات,00 %,غير متاح
الخضراوات,جزر اصفر (بعرش) / طن,5000 جنيه
الخضراوات,00 %,غير متاح
الخضراوات,البصل / طن,9200 جنيه
الخضراوات,+8491.671198.83 %,غير متاح
الحبوب والبقوليات,الأرز السائب / كيلو,28.2 جنيه
الحبوب والبقوليات,-0.652.25 %,غير متاح
الحبوب والبقوليات,الفول الصحيح السائب / كيلو,51.1 جنيه
الحبوب والبقوليات,+1.192.38 %,غير متاح
الحبوب والبقوليات,الذرة الصفراء / شيكارة,1332.97 جنيه
الحبوب والبقوليات,+12910.71 %,غير متاح
الحبوب والبقوليات,سمسم ابيض / كيلو,176.53 جنيه
الحبوب والبقوليات,+14.659.05 %,غير متاح
الحبوب والبقوليات,القمح الصلب المحلي / طن,14395.83 جنيه
الحبوب والبقوليات,+69.160.48 %,غير متاح
الحبوب والبقوليات,الذرة البيضاء / طن,14927.78 جنيه
الحبوب والبقوليات,+507.473.52 %,غير متاح
الحبوب والبقوليات,القطن المحلى تنجيد / قنطار,5933.33 جنيه
الحبوب والبقوليات,+758.3314.65 %,غير متاح
الحبوب والبقوليات,قطن مستورد(هندى او سوداني) تنجيد / قنطار,5318.18 جنيه
الحبوب والبقوليات,+151.512.93 %,غير متاح
الحبوب والبقوليات,الذرة الصفراء / شيكارة,750 جنيه
الحبوب والبقوليات,+627.5512.24 %,غير متاح
الحبوب والبقوليات,الذرة البيضاء / طن,12500 جنيه
الحبوب والبقوليات,+1240012400 %,غير متاح
الحبوب والبقوليات,الأرز السائب / كيلو,25 جنيه
الحبوب والبقوليات,00 %,غير متاح
الحبوب والبقوليات,الفول الصحيح السائب / كيلو,46 جنيه
الحبوب والبقوليات,+12.22 %,غير متاح
الحبوب والبقوليات,الفاصوليا السائبة / كيلو,74.5 جنيه
الحبوب والبقوليات,-0.50.67 %,غير متاح
الحبوب والبقوليات,الذرة الصفراء / شيكارة,659 جنيه
الحبوب والبقوليات,+91.38 %,غير متاح
الحبوب والبقوليات,سمسم ابيض / كيلو,150 جنيه
الحبوب والبقوليات,00 %,غير متاح
الحبوب والبقوليات,القمح الصلب المحلي / طن,4717.5 جنيه
الحبوب والبقوليات,+4692.518770 %,غير متاح
الحبوب والبقوليات,الذرة البيضاء / طن,10700 جنيه
الحبوب والبقوليات,+7007 %,غير متاح
الحبوب والبقوليات,القطن المحلى تنجيد / قنطار,7000 جنيه
الحبوب والبقوليات,00 %,غير متاح
الحبوب والبقوليات,قطن مستورد(هندى او سوداني) تنجيد / قنطار,6000 جنيه
الحبوب والبقوليات,00 %,غير متاح
الحبوب والبقوليات,الأرز السائب / طن,22000 جنيه
الحبوب والبقوليات,+2191024344.44 %,غير متاح
الحبوب والبقوليات,الفول الصحيح السائب / طن,30000 جنيه
الحبوب والبقوليات,00 %,غير متاح
الحبوب والبقوليات,الفاصوليا السائبة / طن,27000 جنيه
الحبوب والبقوليات,00 %,غير متاح
الحبوب والبقوليات,سمسم ابيض / طن,110000 جنيه
الحبوب والبقوليات,00 %,غير متاح
الحبوب والبقوليات,القمح الصلب المحلي / طن,13650 جنيه
الحبوب والبقوليات,+9150203.33 %,غير متاح
الحبوب والبقوليات,الأرز من المضرب / طن,14000 جنيه
الحبوب والبقوليات,+9000180 %,غير متاح
اللحوم والدواجن,اللحوم  الطازجة / كيلو,394.37 جنيه
اللحوم والدواجن,+3.590.92 %,غير متاح
اللحوم والدواجن,الدواجن الطازجة / كيلو,119.31 جنيه
اللحوم والدواجن,+2.432.08 %,غير متاح
اللحوم والدواجن,الدواجن الطازجة / كيلو,90 جنيه
اللحوم والدواجن,00 %,غير متاح
اللحوم والدواجن,الدواجن الطازجة / كيلو,108.89 جنيه
اللحوم والدواجن,+1.221.13 %,غير متاح
اللحوم والدواجن,اللحوم  الطازجة / كيلو,341.13 جنيه
اللحوم والدواجن,+20.686.45 %,غير متاح
اللحوم والدواجن,لحم قطع  / كيلو,286.71 جنيه
اللحوم والدواجن,-17.045.61 %,غير متاح
اللحوم والدواجن,الدواجن الطازجة / كيلو,106 جنيه
اللحوم والدواجن,+72.25214.07 %,غير متاح
الألبان ومنتجاتها,الجبن الأبيض / كيلو,138.49 جنيه
الألبان ومنتجاتها,+5.44.06 %,غير متاح
الألبان ومنتجاتها,الجبن الرومي / كيلو,268.92 جنيه
الألبان ومنتجاتها,+6.412.44 %,غير متاح
الألبان ومنتجاتها,اللبن السائب / كيلو,31.02 جنيه
الألبان ومنتجاتها,+0.772.55 %,غير متاح
الألبان ومنتجاتها,المسلى الصناعي / كيلو,100.13 جنيه
الألبان ومنتجاتها,-0.770.76 %,غير متاح
الألبان ومنتجاتها,المسلى البلدي / كيلو,333.28 جنيه
الألبان ومنتجاتها,+2.840.86 %,غير متاح
الألبان ومنتجاتها,اللبن المعبأ / لتر,43.36 جنيه
الألبان ومنتجاتها,+0.320.74 %,غير متاح
الألبان ومنتجاتها,زبدة بقري مزارع / كيلو,180.22 جنيه
الألبان ومنتجاتها,+7.324.23 %,غير متاح
الألبان ومنتجاتها,لبن مجفف(بودرة - نيدو)  / جرام,141.3 جنيه
الألبان ومنتجاتها,+12.339.56 %,غير متاح
الألبان ومنتجاتها,جبنه بيضاء ( ثلاجة) 1 كجم / كيلو,138.71 جنيه
الألبان ومنتجاتها,+6.695.07 %,غير متاح
الألبان ومنتجاتها,جبنه بيضاء( اسطنبولى) 1كجم / كيلو,163.54 جنيه
الألبان ومنتجاتها,+8.485.47 %,غير متاح
الألبان ومنتجاتها,المسلى الصناعي / كيلو,90 جنيه
الألبان ومنتجاتها,00 %,غير متاح
الألبان ومنتجاتها,الجبن الأبيض / كيلو,312.43 جنيه
الألبان ومنتجاتها,+2.430.78 %,غير متاح
الألبان ومنتجاتها,الجبن الرومي / كيلو,245.75 جنيه
الألبان ومنتجاتها,-14.255.48 %,غير متاح
الألبان ومنتجاتها,اللبن السائب / كيلو,28.55 جنيه
الألبان ومنتجاتها,-2.788.87 %,غير متاح
الألبان ومنتجاتها,زبدة طبيعي / كيلو,240 جنيه
الألبان ومنتجاتها,-6020 %,غير متاح
الألبان ومنتجاتها,المسلى الصناعي / كيلو,102.41 جنيه
الألبان ومنتجاتها,+17.4120.48 %,غير متاح
الألبان ومنتجاتها,المسلى البلدي / كيلو,305 جنيه
الألبان ومنتجاتها,+5522 %,غير متاح
الألبان ومنتجاتها,اللبن المعبأ / لتر,41.72 جنيه
الألبان ومنتجاتها,-0.421 %,غير متاح
الألبان ومنتجاتها,جبنة عبور لاند 500 جرام  / 500 جرام,45.29 جنيه
الألبان ومنتجاتها,+0.290.64 %,غير متاح
الألبان ومنتجاتها,زبدة صفراء نيوزيلاندي / كيلو,319.64 جنيه
الألبان ومنتجاتها,+103.6447.98 %,غير متاح
الألبان ومنتجاتها,زبدة بقري مزارع / كيلو,178.05 جنيه
الألبان ومنتجاتها,-21.9510.98 %,غير متاح
الألبان ومنتجاتها,زبدة طبيعي / كيلو,250 جنيه
الألبان ومنتجاتها,+104.17 %,غير متاح
الأسماك,الجبن الأبيض / كيلو,138.49 جنيه
الأسماك,+5.44.06 %,غير متاح
الأسماك,الجبن الرومي / كيلو,268.92 جنيه
الأسماك,+6.412.44 %,غير متاح
الأسماك,اللبن السائب / كيلو,31.02 جنيه
الأسماك,+0.772.55 %,غير متاح
الأسماك,المسلى الصناعي / كيلو,100.13 جنيه
الأسماك,-0.770.76 %,غير متاح
الأسماك,المسلى البلدي / كيلو,333.28 جنيه
الأسماك,+2.840.86 %,غير متاح
الأسماك,اللبن المعبأ / لتر,43.36 جنيه
الأسماك,+0.320.74 %,غير متاح
الأسماك,زبدة بقري مزارع / كيلو,180.22 جنيه
الأسماك,+7.324.23 %,غير متاح
الأسماك,لبن مجفف(بودرة - نيدو)  / جرام,141.3 جنيه
الأسماك,+12.339.56 %,غير متاح
الأسماك,جبنه بيضاء ( ثلاجة) 1 كجم / كيلو,138.71 جنيه
الأسماك,+6.695.07 %,غير متاح
الأسماك,جبنه بيضاء( اسطنبولى) 1كجم / كيلو,163.54 جنيه
الأسماك,+8.485.47 %,غير متاح
الأسماك,المسلى الصناعي / كيلو,90 جنيه
الأسماك,00 %,غير متاح
الأسماك,الجبن الأبيض / كيلو,312.43 جنيه
الأسماك,+2.430.78 %,غير متاح
الأسماك,الجبن الرومي / كيلو,245.75 جنيه
الأسماك,-14.255.48 %,غير متاح
الأسماك,اللبن السائب / كيلو,28.55 جنيه
الأسماك,-2.788.87 %,غير متاح
الأسماك,زبدة طبيعي / كيلو,240 جنيه
الأسماك,-6020 %,غير متاح
الأسماك,المسلى الصناعي / كيلو,102.41 جنيه
الأسماك,+17.4120.48 %,غير متاح
الأسماك,المسلى البلدي / كيلو,305 جنيه
الأسماك,+5522 %,غير متاح
الأسماك,اللبن المعبأ / لتر,41.72 جنيه
الأسماك,-0.421 %,غير متاح
الأسماك,جبنة عبور لاند 500 جرام  / 500 جرام,45.29 جنيه
الأسماك,+0.290.64 %,غير متاح
الأسماك,زبدة صفراء نيوزيلاندي / كيلو,319.64 جنيه
الأسماك,+103.6447.98 %,غير متاح
الأسماك,زبدة بقري مزارع / كيلو,178.05 جنيه
الأسماك,-21.9510.98 %,غير متاح
الأسماك,زبدة طبيعي / كيلو,250 جنيه
الأسماك,+104.17 %,غير متاح
الفاكهة,الموز البلدي / كيلو,28.02 جنيه
الفاكهة,+0.712.6 %,غير متاح
الفاكهة,التفاح المحلي / كيلو,51.3 جنيه
الفاكهة,-1.963.68 %,غير متاح
الفاكهة,الخوخ / كيلو,38.7 جنيه
الفاكهة,-0.41.02 %,غير متاح
الفاكهة,البطيخ / واحدة,73.4 جنيه
الفاكهة,-0.951.28 %,غير متاح
الفاكهة,البرقوق / كيلو,50.59 جنيه
الفاكهة,+0.210.42 %,غير متاح
الفاكهة,نبق / كيلو,42.9 جنيه
الفاكهة,+1.844.48 %,غير متاح
الفاكهة,موز مغربي / كيلو,26.18 جنيه
الفاكهة,+0.120.46 %,غير متاح
الفاكهة,موز مستورد / كيلو,38.79 جنيه
الفاكهة,+3.279.21 %,غير متاح
الفاكهة,موز بيكو / كيلو,27.38 جنيه
الفاكهة,+1.676.5 %,غير متاح
الفاكهة,مانجو بلدي / كيلو,38.91 جنيه
الفاكهة,-1.694.16 %,غير متاح
الفاكهة,الموز البلدي / كيلو,26.5 جنيه
الفاكهة,+21.5430 %,غير متاح
الفاكهة,التفاح المحلي / كيلو,50 جنيه
الفاكهة,+39354.55 %,غير متاح
الفاكهة,الخوخ / كيلو,18 جنيه
الفاكهة,+880 %,غير متاح
الفاكهة,البطيخ / واحدة,51 جنيه
الفاكهة,+31155 %,غير متاح
الفاكهة,البرقوق / كيلو,50 جنيه
الفاكهة,+40400 %,غير متاح
الفاكهة,نبق / كيلو,12 جنيه
الفاكهة,+19.09 %,غير متاح
الفاكهة,موز مستورد / كيلو,20 جنيه
الفاكهة,+2.514.29 %,غير متاح
الفاكهة,مانجو بلدي / كيلو,21.25 جنيه
الفاكهة,+7.7557.41 %,غير متاح
الفاكهة,لارنج / كيلو,5.5 جنيه
الفاكهة,-5.550 %,غير متاح
الفاكهة,كيوي (كرتونة) / كرتونة,700 جنيه
الفاكهة,+532316.67 %,غير متاح
الفاكهة,الموز البلدي / كيلو,24.31 جنيه
الفاكهة,-0.83.19 %,غير متاح
الفاكهة,التفاح المحلي / كيلو,44.29 جنيه
الفاكهة,-6.2112.3 %,غير متاح
الفاكهة,الخوخ / كيلو,41.43 جنيه
الفاكهة,-2.866.46 %,غير متاح
الفاكهة,البطيخ / واحدة,71.43 جنيه
الفاكهة,-1.431.96 %,غير متاح
الفاكهة,البرقوق / كيلو,44.29 جنيه
الفاكهة,+0.721.65 %,غير متاح
الفاكهة,نبق / كيلو,3 جنيه
الفاكهة,00 %,غير متاح
الفاكهة,موز مغربي / كيلو,25.71 جنيه
الفاكهة,+0.090.35 %,غير متاح
الفاكهة,موز مستورد / كيلو,42.14 جنيه
الفاكهة,+7.7622.57 %,غير متاح
الفاكهة,موز بيكو / كيلو,25 جنيه
الفاكهة,00 %,غير متاح
الفاكهة,مانجو بلدي / كيلو,33.57 جنيه
الفاكهة,+1.434.45 %,غير متاح
الأسمدة,اسمدة  / طن,15988.55 جنيه
الأسمدة,+911.466.05 %,غير متاح
مواد البناء,حديد إستثمارى / طن,38103.18 جنيه
مواد البناء,-435.131.13 %,غير متاح
مواد البناء,حديد عز / طن,39832.71 جنيه
مواد البناء,-356.80.89 %,غير متاح
مواد البناء,الأسمنت الرمادى / طن,3244.51 جنيه
مواد البناء,+18.050.56 %,غير متاح
